{
	"description": "项目配置文件。",
	"setting": {
		"urlCheck": false,
		"es6": true,
		"postcss": true,
		"minified": true
	},
	"compileType": "weapp",
	"libVersion": "1.5.3",
	"appid": "wx0a29a75741ef6388",
	"projectname": "GolongChuxing",
	"condition": {
		"weapp": {
			"current": -1,
			"list": [
				{
					"name": "test",
					"pathName": "COMPONENT/music",
					"query": "a=哈哈",
					"scene": 1044,
					"shareInfo": {},
					"referrerInfo": {}
				}
			]
		},
		"search": {
			"current": -1,
			"list": [
				{
					"name": "test",
					"pathName": "",
					"title": "",
					"cacheKey": ""
				}
			]
		},
		"conversation": {
			"current": 0,
			"list": [
				{
					"name": "test",
					"query": "",
					"boxQI": "",
					"service": {}
				}
			]
		}
	}
}